{"cameraMode":{"drawMode":0,"name":"Shaded","section":"Shading Mode"},"sceneLighting":true,"audioPlay":false,"sceneViewState":{"showFog":false,"showMaterialUpdate":false,"showSkybox":false,"showFlares":false,"showImageEffects":false,"showParticleSystems":false},"in2DMode":false,"pivot":{"x":438.0199890136719,"y":1.0,"z":125.73999786376953},"rotation":{"x":0.10608690232038498,"y":0.4914869964122772,"z":-0.060467153787612918,"w":0.8622817993164063},"size":6.3588385581970219,"orthographic":false}